id;attachment_link;attachment_link_content_type;attachment_type
1;../fake-data/blob/hipster.png;image/png;Savings
2;../fake-data/blob/hipster.png;image/png;Sri
3;../fake-data/blob/hipster.png;image/png;Rustic
4;../fake-data/blob/hipster.png;image/png;of
5;../fake-data/blob/hipster.png;image/png;Squares Team-oriented bypass
6;../fake-data/blob/hipster.png;image/png;maximize primary Pre-emptive
7;../fake-data/blob/hipster.png;image/png;reinvent
8;../fake-data/blob/hipster.png;image/png;invoice
9;../fake-data/blob/hipster.png;image/png;Arab Usability Yuan
10;../fake-data/blob/hipster.png;image/png;Soft Land brand
