id;indangamuntu;amazina;dob;gender;ubudehe_category;phone;email
1;SynchronisedXXXX;Rustic;2022-07-12T19:45:52;MALE;g;357.437.9473 ;"3]@OBT&.1;bm"
2;Intranet impleme;alarm withdrawal;2022-07-13T08:48:20;FEMALE;g;1-562-387-045;"T&,=t@AI]^uK.7"
3;BordersXXXXXXXXX;blue Representative Shirt;2022-07-12T13:46:34;FEMALE;C;427-819-3737X;"04@4BSO..7ZD"
4;Sausages SAS nex;Metrics deposit;2022-07-12T17:07:09;MALE;t;704.258.9123X;"kq@YI;.mM\"
5;MississippiXXXXX;primary foreground Representative;2022-07-13T03:26:28;FEMALE;q;(638) 808-756;"v5%Vn@:TgXJ.fI^"
6;Investor data-wa;bypass Accountability;2022-07-12T16:54:38;FEMALE;c;1-408-670-215;"mO@9ho8a.k\G"
7;compressing Plas;connecting deposit Account;2022-07-12T11:44:05;FEMALE;m;677.929.5028X;"am@-{d!.I:"
8;Configurable ope;Uzbekistan bypass Small;2022-07-13T01:02:14;MALE;e;806.205.6208 ;"%@qQ(D.:'m"
9;SlovakiaXXXXXXXX;back-end bypassing;2022-07-12T22:33:06;MALE;P;1-502-655-869;"&l%uJ@r.o%"
10;Philippines Inte;Colorado;2022-07-13T04:33:46;FEMALE;L;973-457-5490X;"~@.C>Bt.;P|5m"
