id;first_name;last_name;phone_one;phone_two;email
1;Spencer;Hermiston;Plastic Concr;Romania;"igX&@m.q"
2;Rashawn;O'Keefe;Regional;Response;"<KT@5c.q"
3;Chadd;Kuhlman;copy Practica;salmon;"Tl@-zeDy.aN"
4;Lindsey;Littel;Mississippi q;payment JSON ;"_@0.29U'"
5;Eleanore;Romaguera;non-volatile;Mexico dynami;"ORXg@d>6_HB.b"
6;Dean;Schamberger;Unbranded Bed;Dynamic;"##f@cK5.IH4"
7;Isabelle;Bernier;Persevering A;mobile Wyomin;"G1.@wY>EpX.p3T(v"
8;Ryley;Rippin;Island Border;Pants;"Z5@Yk<.DbO+}>"
9;Frederik;Hansen;Frozen Handcr;Towels transm;"S&<C@QYw1{.V>3"
10;Marshall;Larkin;bandwidth blu;SMS Cape Dire;"?7{@gDbj>.P"
